feature_index,rank,image_url
1875,1,https://i.imgur.com/HIZdDAZ.jpg
1875,2,https://i.imgur.com/XUD9N4x.jpg
1875,3,https://i.imgur.com/Hr2lPEI.jpg
1875,4,https://i.redd.it/6qwn23y15xy51.png
1875,5,https://i.imgur.com/m7QwudR.jpg
1875,6,https://i.imgur.com/Q2D5Y3e.jpg
1875,7,https://i.redd.it/9anh9ybikv851.jpg
1875,8,https://i.imgur.com/m99aTDq.jpg
1875,9,https://i.redd.it/mwo4nv95g9941.jpg
1875,10,https://i.redd.it/mlyigb8iwl871.jpg
1875,11,https://i.redd.it/9a6lbbc2ai131.jpg
1875,12,https://i.redd.it/a8b3tryq4wh91.jpg
1875,13,https://i.redd.it/nz2fj56mgywa1.jpg
1875,14,https://i.redd.it/z8eztj2d6bqb1.jpg
1875,15,https://i.imgur.com/x6I5npd.jpg
1875,16,https://i.redd.it/yl4hs4s1n6hc1.jpeg
1875,17,https://i.imgur.com/jBZy4Sr.jpg
1875,18,https://i.redd.it/5a4s29ehu8841.jpg
1875,19,https://i.imgur.com/Wkvq5IT.jpg
1875,20,https://i.imgur.com/ozg3cGy.jpg
2004,1,https://i.redd.it/3o6uoxqcb8u81.jpg
2004,2,https://i.redd.it/z2cq6d00xzy71.jpg
2004,3,https://i.imgur.com/qZSjlYI.jpg
2004,4,https://i.redd.it/iimbj9jpm2351.jpg
2004,5,https://i.redd.it/yr29o2o43fx51.jpg
2004,6,https://i.redd.it/hichhehkvvz61.jpg
2004,7,https://i.imgur.com/0QAyxFU.jpg
2004,8,https://i.imgur.com/WVUZP8q.jpg
2004,9,https://graphics8.nytimes.com/images/2011/03/02/greathomesanddestinations/20110302wyg/20110302wyg-custom7.jpg
2004,10,https://i.redd.it/sp91371v7nn21.jpg
2004,11,https://i.redd.it/72zyrcn3v7641.jpg
2004,12,https://i.redd.it/pumjogcjb1wb1.jpg
2004,13,https://i.imgur.com/IrggFMO.jpg
2004,14,https://clv.h-cdn.co/assets/16/20/1463752748-reclaimed-cabin-porch-1015.jpg
2004,15,https://i.imgur.com/lJXCiSL.jpg
2004,16,https://i.redd.it/7nevv4g1jju01.png
2004,17,https://i.imgur.com/3TbZo1e.jpg
2004,18,https://i.redd.it/yf6kn4uami141.jpg
2004,19,https://i.imgur.com/ZRMjLT7.jpg
2004,20,https://i.redd.it/39xicmvmn8n11.jpg
2939,1,https://i.redd.it/ubgbjz5tz72e1.jpeg
2939,2,https://i.redd.it/e615n7k42ev41.jpg
2939,3,https://i.imgur.com/2Be3Hau.jpg
2939,4,https://i.redd.it/3vunbm43qqp21.jpg
2939,5,https://i.redd.it/5y6q38k1h2w81.jpg
2939,6,https://i.redd.it/ogphfqbv6qp31.jpg
2939,7,https://i.redd.it/jrkm0febfwo71.jpg
2939,8,https://i.imgur.com/9fYn64H.jpg
2939,9,https://i.redd.it/durfp7s2df201.jpg
2939,10,https://i.redd.it/354l81esg6sd1.jpeg
2939,11,https://i.redd.it/yjtllghlcs8x.jpg
2939,12,https://i.imgur.com/yWQma1J.jpg
2939,13,https://i.imgur.com/QSKOMAs.jpg
2939,14,https://i.redd.it/j2r5ebmm6jj81.jpg
2939,15,https://i.imgur.com/MeWE278.jpg
2939,16,https://i.redd.it/k4fnkdoqkjza1.jpg
2939,17,https://i.redd.it/wkf82jwj7hb31.jpg
2939,18,https://i.imgur.com/yQp64ki.jpg
2939,19,https://i.imgur.com/E9mLltx.jpg
2939,20,https://i.redd.it/sygbgmpgo0r71.jpg
3325,1,https://i.redd.it/5q2wmsodxve61.jpg
3325,2,https://i.redd.it/plpccwwsehp61.jpg
3325,3,https://i.imgur.com/PbdQhOE.jpg
3325,4,https://i.redd.it/1l9k4y8q41uc1.jpeg
3325,5,https://i.redd.it/w2jfxicfp3vz.jpg
3325,6,https://i.redd.it/x9de2ujtrmp21.jpg
3325,7,https://i.redd.it/n0nedeyeqgp61.jpg
3325,8,https://i.redd.it/46zu14cj9d361.jpg
3325,9,https://cdn.cnn.com/cnnnext/dam/assets/210804154938-woman-walking-stock-super-tease.jpg
3325,10,https://i.redd.it/96zeh6qh6j051.jpg
3325,11,https://i.redd.it/n945xbd86nu61.jpg
3325,12,https://i.redd.it/5250u6qonm461.jpg
3325,13,https://i.redd.it/6xmo6gg9yyrd1.png
3325,14,https://i.redd.it/1cw0tqjrswt11.jpg
3325,15,https://i.redd.it/7dtyk2b8hmm61.jpg
3325,16,https://i.redd.it/vxgnk5h0wc361.jpg
3325,17,https://i.redd.it/3g6t67rmkot21.jpg
3325,18,https://i.redd.it/5p2ojqhkboi61.jpg
3325,19,https://i.redd.it/p8n87b94nhbd1.jpeg
3325,20,https://i.imgur.com/Nlcew08h.jpg
8179,1,https://i.redd.it/0or82konuhnx.jpg
8179,2,https://i.imgur.com/tnJoZJh.jpg
8179,3,https://i.redd.it/dehyifht8ey11.jpg
8179,4,https://i.imgur.com/eFaOygq.jpg
8179,5,https://i.redd.it/n14gqg6xsib61.jpg
8179,6,https://i.redd.it/qp13w6bhk3421.jpg
8179,7,https://i.redd.it/cifzxq75ior51.jpg
8179,8,https://i.redd.it/xs78r7m7cwr81.jpg
8179,9,https://i.redd.it/r2aw9wzjtpq71.jpg
8179,10,https://i.redd.it/5rye1xtw3vk91.jpg
8179,11,https://i.redd.it/dws4hduytfq31.jpg
8179,12,https://i.imgur.com/yirdX9D.jpg
8179,13,https://i.redd.it/mm8qgsak1exa1.jpg
8179,14,https://i.imgur.com/lBJeJ4e.jpg
8179,15,https://i.redd.it/ar98lbcmnep81.jpg
8179,16,https://i.imgur.com/GFGKf01.jpg
8179,17,https://i.redd.it/xmku4c0unqaa1.jpg
8179,18,https://i.redd.it/yrnd5x1emhl21.jpg
8179,19,https://i.redd.it/pouqufrfgnp51.jpg
8179,20,https://i.redd.it/o46i8royqpg71.jpg
9333,1,https://i.redd.it/ecy8sialm0571.jpg
9333,2,https://i.redd.it/lf1k1vqbto6c1.jpeg
9333,3,https://i.redd.it/swkgki6u1ri51.jpg
9333,4,https://i.redd.it/5qq9cd24i6xc1.jpeg
9333,5,https://i.redd.it/ek72lixlnfcc1.jpeg
9333,6,https://graphics8.nytimes.com/images/2010/06/18/world/18israel4_inline/18israel4_inline-popup.jpg
9333,7,https://i.redd.it/yha0ggl91hmd1.jpeg
9333,8,https://i.redd.it/emguv3m54ka51.jpg
9333,9,https://i.redd.it/eyu5fpbkrt3a1.jpg
9333,10,https://i.redd.it/ho63b2lc9vdc1.jpeg
9333,11,https://i.redd.it/a8sc5z8ko65d1.jpeg
9333,12,https://i.redd.it/qfhhagqeaieb1.jpg
9333,13,https://i.redd.it/qmn63p7wmd291.jpg
9333,14,https://i.redd.it/1l3e3lxzroza1.jpg
9333,15,https://i.redd.it/xfdxdjsxn00e1.jpeg
9333,16,https://i.redd.it/uvp7qeu3tbma1.jpg
9333,17,https://i.redd.it/i7fpbsmj3rz81.jpg
9333,18,https://i.redd.it/uhpfpmi4kqbc1.jpeg
9333,19,https://i.redd.it/2fgjunyr6br51.jpg
9333,20,https://i.redd.it/631ilsct4u0b1.jpg
14387,1,https://i.ytimg.com/vi/1LcgA-wLGsQ/maxresdefault.jpg
14387,2,https://i.redd.it/c24kvbgj9woz.jpg
14387,3,https://64.media.tumblr.com/tumblr_lv5f3kEosQ1qe5z6ho1_500.jpg
14387,4,https://i.redd.it/jhf9chdmrv781.jpg
14387,5,https://i.redd.it/e3gxeayql39c1.jpeg
14387,6,https://i.redd.it/xhbekrqt4k891.jpg
14387,7,https://i.redd.it/fucuonh5x8q71.gif
14387,8,https://i.redd.it/303rauifkpq61.jpg
14387,9,https://i.redd.it/54r39rub0t2z.jpg
14387,10,https://i.redd.it/g95bvgk4y5ma1.jpg
14387,11,https://i.ytimg.com/vi/UGC_9cYLSUg/maxresdefault.jpg
14387,12,https://i.imgur.com/MXielRr.jpg
14387,13,https://i.redd.it/ost0380rugh21.jpg
14387,14,https://i.imgur.com/GuMct.jpg
14387,15,https://i.redd.it/5v6fjhtscgw81.jpg
14387,16,https://i.redd.it/l41j6xu1qpgb1.jpg
14387,17,https://i.redd.it/uoq7ddatvkra1.jpg
14387,18,https://i.redd.it/9yiuhssfsl4d1.jpeg
14387,19,https://i.redd.it/y1cn2wxj46511.png
14387,20,https://i.imgur.com/a3EtQfM.jpg
19036,1,https://i.imgur.com/H3oticA.jpg
19036,2,https://i.redd.it/hmxh7zftnmey.jpg
19036,3,https://i.redd.it/71t445gi9bi21.png
19036,4,https://i.imgur.com/L9Q2urf.jpg
19036,5,https://i.redd.it/7ll65r2m4eb01.png
19036,6,https://i.imgur.com/CBjUpuY.jpg
19036,7,https://i.imgur.com/JPqe2vK.jpg
19036,8,https://i.redd.it/dv8acfaium821.jpg
19036,9,https://i.redd.it/adyb5f9ks4l01.png
19036,10,https://i.redd.it/zwuyle0e47ix.jpg
19036,11,https://i.imgur.com/PGWDDhB.jpg
19036,12,https://i.imgur.com/yKg3VfE.jpg
19036,13,https://i.imgur.com/0LHhmcF.jpg
19036,14,https://i.imgur.com/gi01lpM.jpg
19036,15,https://i.redd.it/cy553f9jfc601.jpg
19036,16,https://www.abolitionist.com/reprogramming/lions-zebra.jpg
19036,17,https://i.imgur.com/2okw5Rr.jpg
19036,18,https://i.imgur.com/WCUpoly.jpg
19036,19,https://i.imgur.com/geLL9.jpg
19036,20,https://i.imgur.com/LrF7AR2h.jpg
19605,1,https://i.imgur.com/XjoLxwy.jpg
19605,2,https://i.redd.it/nf92bzai6i421.jpg
19605,3,https://i.imgur.com/gljOyY0.jpg
19605,4,https://i.imgur.com/3kBgKAw.jpg
19605,5,https://i.imgur.com/iIBxvWE.jpg
19605,6,https://i.imgur.com/CNE7944.jpg
19605,7,https://i.imgur.com/NeGG9bD.jpg
19605,8,https://i.imgur.com/rTNP1t6.jpg
19605,9,https://i.redd.it/3i48pwg1b9411.jpg
19605,10,https://i.imgur.com/ZzpIL.jpg
19605,11,https://i.imgur.com/Bse0EV6.jpg
19605,12,https://i.ytimg.com/vi/TcvQx5P_IAU/maxresdefault.jpg
19605,13,https://i.redd.it/92xpuo7yhwh61.jpg
19605,14,https://i.imgur.com/ZiKqO4q.jpg
19605,15,https://i.imgur.com/oKwINRYh.jpg
19605,16,https://i.redd.it/9g1cgourkfs81.jpg
19605,17,https://i.imgur.com/uhlCCaL.jpg
19605,18,https://i.imgur.com/mP0jUiz.jpg
19605,19,https://i.imgur.com/sCVfIK7.jpg
19605,20,https://i.imgur.com/OrXo6rF.jpg
23665,1,https://i.imgur.com/OgbY9KX.jpg
23665,2,https://i.imgur.com/xm125Vz.jpg
23665,3,https://i.redd.it/tkjlaif6seq01.jpg
23665,4,https://i.imgur.com/ilTgV9r.jpg
23665,5,https://i.redd.it/b3ju7tqwotm01.jpg
23665,6,https://i.redd.it/gavimhkogt231.jpg
23665,7,https://i.redd.it/v9719fnaj8j31.png
23665,8,https://i.ytimg.com/vi/l5WPnLZkhwU/maxresdefault.jpg
23665,9,https://i.redd.it/15zertvbnsm21.png
23665,10,https://i.redd.it/jm5gy7bqjnm61.jpg
23665,11,https://i.redd.it/ovxc1moe6ui11.jpg
23665,12,https://i.redd.it/oihrzyib7dpa1.jpg
23665,13,https://i.redd.it/saiv6zx6qldb1.png
23665,14,https://i.ytimg.com/vi/CvGXZ46xPZM/maxresdefault.jpg
23665,15,https://i.ytimg.com/vi/SqSQVQ-T9dw/maxresdefault.jpg
23665,16,https://i.imgur.com/7ob0Ctr.png
23665,17,https://i.imgur.com/Tvdmu.jpg
23665,18,https://i.redd.it/0e7e2qopqjo01.jpg
23665,19,https://i.ytimg.com/vi/OP0jHNmCih0/maxresdefault.jpg
23665,20,https://i.imgur.com/glvuU.jpg
24659,1,https://i.imgur.com/1DVoZDD.jpg
24659,2,https://i.ytimg.com/vi/_5oG6jBzFLg/maxresdefault.jpg
24659,3,https://i.ytimg.com/vi/qe4NXcFGKkw/maxresdefault.jpg
24659,4,https://i.redd.it/2phg4r3ync901.jpg
24659,5,https://i.redd.it/def1hhi5h5i31.jpg
24659,6,https://i.ytimg.com/vi/gvl40P36Ffs/maxresdefault.jpg
24659,7,https://i.redd.it/ab77wgbsf6521.png
24659,8,https://i.redd.it/cye8ub8t4wh31.jpg
24659,9,https://i.redd.it/s5srq6qdnwd41.jpg
24659,10,https://i.redd.it/yajei5pk9hhd1.jpeg
24659,11,https://i.imgur.com/trRhEJ8.jpg
24659,12,https://i.imgur.com/gGV2k6v.jpg
24659,13,https://i.redd.it/5w2ydb4jg2361.jpg
24659,14,https://ruletheroompublicspeaking.com/wp-content/uploads/2017/02/try-this-when-your-audience-stops-listening.jpg
24659,15,https://i.redd.it/lijlllov68e51.jpg
24659,16,https://cdn.pastemagazine.com/www/system/images/photo_albums/youre-the-worst-gifs/large/the-worst-8.gif?1384968217
24659,17,https://i.imgur.com/phCHKYn.jpg
24659,18,https://i.redd.it/5ecpxyvr71x81.jpg
24659,19,https://i.imgur.com/x9E1OHA.jpg
24659,20,https://i.redd.it/s0lp3hyuxez21.jpg
28248,1,https://i.redd.it/j2ez02ixza1b1.jpg
28248,2,https://i.redd.it/xi74iz0ljbg91.jpg
28248,3,https://i.redd.it/e6oj49gkygpc1.jpeg
28248,4,https://i.imgur.com/oXcAU00h.jpg
28248,5,https://i.redd.it/ttg8gdxcuy0e1.png
28248,6,https://i.imgur.com/PufbsPJ.jpg
28248,7,https://i.redd.it/sxnrcl8q7n391.png
28248,8,https://i.redd.it/aslbu0w5sw2c1.jpg
28248,9,https://i.redd.it/7nvuzb48ccl51.png
28248,10,https://i.redd.it/v5yrysnl7mt41.jpg
28248,11,https://i.redd.it/0yli48dsxiz51.jpg
28248,12,https://i.redd.it/x3zguzne3s201.jpg
28248,13,https://i.redd.it/lxgae3svwqn31.jpg
28248,14,https://i.imgur.com/uarMu.jpg
28248,15,https://i.redd.it/71vr3aw510c91.png
28248,16,https://i.redd.it/pe2z8nzoed3b1.jpg
28248,17,https://i.redd.it/9jspzcclh5p31.jpg
28248,18,https://i.redd.it/72ynbmbm36x91.jpg
28248,19,https://i.imgur.com/geGybi8.png
28248,20,https://i.redd.it/ucsialzgcjaa1.jpg
33022,1,https://i.imgur.com/MkLZCk0.jpg
33022,2,https://i.imgur.com/hz1NVca.jpg
33022,3,https://i.redd.it/vdngdrrz8rc31.jpg
33022,4,https://i.redd.it/ryvwpfizye331.jpg
33022,5,https://i.redd.it/b1iahft0y9a31.jpg
33022,6,https://i.imgur.com/xGqZwUI.jpg
33022,7,https://i.redd.it/kckvtry8f7c31.jpg
33022,8,https://i.redd.it/jsvivmpymqu01.jpg
33022,9,https://i.redd.it/e4knzslwzuq31.jpg
33022,10,https://i.redd.it/4te6d7yi1mb11.jpg
33022,11,https://i.redd.it/5a96nrgzfl831.jpg
33022,12,https://i.redd.it/fw2ddttqmxy81.jpg
33022,13,https://i.redd.it/hhvvtdb3z9x91.jpg
33022,14,https://i.redd.it/6fexgu9qzw931.jpg
33022,15,https://i.imgur.com/vN7smPQ.jpg
33022,16,https://i.imgur.com/Yx1TqF4.jpg
33022,17,https://i.redd.it/0195viudrx831.jpg
33022,18,https://i.redd.it/klk26ez0ekv61.jpg
33022,19,https://i.redd.it/v82kb7k1pkr31.jpg
33022,20,https://i.redd.it/i3go3tjkdgw41.jpg
44243,1,https://i.redd.it/d8aguukcql2z.jpg
44243,2,https://i.redd.it/4hrhn8742ku61.jpg
44243,3,https://i.imgur.com/vBjYxZp.jpg
44243,4,https://i.redd.it/tifzwo78vcy41.jpg
44243,5,https://i.redd.it/2hqs29axmr361.jpg
44243,6,https://i.redd.it/9d0z43mf2v461.png
44243,7,https://i.redd.it/gslsluy12c661.jpg
44243,8,https://i.redd.it/j4auovwz7bv31.png
44243,9,https://i.redd.it/4n60zbgh0heb1.png
44243,10,https://i.imgur.com/UlB8Pnn.jpg
44243,11,https://i.imgur.com/qN2FFKi.jpg
44243,12,https://i.redd.it/uu34ldnp1kwc1.jpeg
44243,13,https://i.redd.it/j0eadmicjwz31.jpg
44243,14,https://i.redd.it/46grkesmggu41.jpg
44243,15,https://i.redd.it/22zyast0obuz.jpg
44243,16,https://i.redd.it/a1t1hdd2zc7c1.jpeg
44243,17,https://i.redd.it/v9ud2094zd4d1.png
44243,18,https://i.redd.it/55tgd9th08461.jpg
44243,19,https://i.redd.it/pvodinslljoa1.jpg
44243,20,https://i.redd.it/8g7rrd3tg7u11.jpg
44945,1,https://i.redd.it/iirr25pyqkd61.jpg
44945,2,https://i.redd.it/bt9o6qr0mgp51.jpg
44945,3,https://i.redd.it/qt2rfn46z8291.jpg
44945,4,https://i.redd.it/gffjq02ozoh91.jpg
44945,5,https://i.redd.it/lw9ace0kcela1.jpg
44945,6,https://i.redd.it/xwb8l6x0ksab1.jpg
44945,7,https://i.redd.it/o7lw2eqnc9081.jpg
44945,8,https://i.redd.it/amo1bytjeqdb1.jpg
44945,9,https://i.redd.it/wionewn53uk91.jpg
44945,10,https://i.redd.it/j6eo1variyk61.jpg
44945,11,https://i.redd.it/bf80ra1u1ua61.png
44945,12,https://i.redd.it/t0ji4j5w9qs81.jpg
44945,13,https://i.redd.it/hw3hhfnjn2ba1.png
44945,14,https://i.redd.it/nedbwux42cd71.jpg
44945,15,https://i.redd.it/atc21j0pakd91.jpg
44945,16,https://i.redd.it/a8zmhrjhekn41.jpg
44945,17,https://i.redd.it/o6s88e08lig81.jpg
44945,18,https://i.redd.it/5rgo8zpxzfq81.jpg
44945,19,https://i.redd.it/tpf7na2kc8o81.jpg
44945,20,https://i.redd.it/r92rdvfq4sjc1.png
46456,1,https://upload.wikimedia.org/wikipedia/commons/8/8c/UofU_campus_close-up_early_1920s.jpg
46456,2,https://i.redd.it/mf608s12744e1.jpeg
46456,3,https://i.imgur.com/Hzxdms0.jpg
46456,4,https://i.redd.it/l63z21n1gmnb1.jpg
46456,5,https://i.redd.it/yuwfzdgego531.jpg
46456,6,https://i.redd.it/rzc369jxyg671.jpg
46456,7,https://upload.wikimedia.org/wikipedia/commons/f/ff/Crescent_Dunes_Solar_December_2014.JPG
46456,8,https://i.redd.it/zciigttpy0f01.jpg
46456,9,https://i.redd.it/6xcgva06ti321.jpg
46456,10,https://i.redd.it/wou5k426sa321.jpg
46456,11,https://i.imgur.com/mzXZw3d.jpg
46456,12,https://upload.wikimedia.org/wikipedia/commons/d/d3/Hanford_N_Reactor_adjusted.jpg
46456,13,https://i.imgur.com/zK2F5aj.jpg
46456,14,https://i.imgur.com/qD1GR.jpg
46456,15,https://i.ytimg.com/vi/aMtNA_8uDXk/maxresdefault.jpg
46456,16,https://i.redd.it/qyo8g5avzmy11.png
46456,17,https://i.redd.it/ee3skgg4wis01.jpg
46456,18,https://i.redd.it/8tth0ax75dn91.jpg
46456,19,https://i.redd.it/wenoth63l3x71.jpg
46456,20,https://i.imgur.com/E89c6X6.jpg
46670,1,https://i.imgur.com/KqOi3GH.jpg
46670,2,https://i.redd.it/pl820wg0o9c31.jpg
46670,3,https://i.redd.it/p86orue06i931.jpg
46670,4,https://i.redd.it/47lq8ix89ap71.jpg
46670,5,https://i.redd.it/fb989veeyimy.jpg
46670,6,https://i.redd.it/t4vwo1iv13qz.jpg
46670,7,https://i.redd.it/hstdfulre9591.jpg
46670,8,https://i.redd.it/ln9qhsbe4cl01.jpg
46670,9,https://i.redd.it/ic7k87rolzo31.jpg
46670,10,https://i.redd.it/fklticd37ci11.jpg
46670,11,https://i.redd.it/1gp7ea177xfz.jpg
46670,12,https://i.redd.it/jaazobgoojn21.jpg
46670,13,https://i.redd.it/yoyxwviva5j21.jpg
46670,14,https://i.redd.it/dvcbdnnjzncd1.jpeg
46670,15,https://i.redd.it/wjxuhzjsv9qd1.png
46670,16,https://i.imgur.com/Tvkbnk9.jpg
46670,17,https://i.redd.it/f6pjjd57ob921.jpg
46670,18,https://i.redd.it/gbv6wqpmxit01.jpg
46670,19,https://i.redd.it/vvnv1i687fp61.jpg
46670,20,https://i.redd.it/0sfhhpnojub71.jpg
50638,1,https://i.redd.it/a0slkh8yxfh71.jpg
50638,2,https://i.redd.it/01pr05679nud1.jpeg
50638,3,https://i.redd.it/mmzyfuvadafd1.jpeg
50638,4,https://i.redd.it/t8kvtw4yij391.jpg
50638,5,https://i.redd.it/86p4kpth4wq81.jpg
50638,6,https://i.redd.it/yp6mqhylhlj71.png
50638,7,https://i.redd.it/hb8l135zkl3d1.jpeg
50638,8,https://i.redd.it/kr71ou3bwa1d1.jpeg
50638,9,https://i.redd.it/puk3zccl1v361.jpg
50638,10,https://i.redd.it/0u3g3c7qfend1.jpeg
50638,11,https://i.redd.it/vmouusecr9db1.jpg
50638,12,https://i.redd.it/5qcqfj6g25wb1.jpg
50638,13,https://i.redd.it/6p2ilmi6uu2d1.jpeg
50638,14,https://i.redd.it/cgg5m2vwqoy71.jpg
50638,15,https://i.redd.it/0645jy84x7n61.jpg
50638,16,https://i.redd.it/nejxvlspri651.png
50638,17,https://i.redd.it/3wjgotonoyz91.jpg
50638,18,https://i.redd.it/bqpd18h4ss2c1.jpeg
50638,19,https://i.redd.it/yb92rby70wo91.jpg
50638,20,https://i.redd.it/8ojnyur4egy81.jpg
51453,1,https://i.redd.it/7mh649v5wr6c1.jpeg
51453,2,https://i.redd.it/sbs6mvh9y2w51.jpg
51453,3,https://i.redd.it/lfzscbat2xz61.jpg
51453,4,https://i.redd.it/kcj3lie7hlx91.jpg
51453,5,https://i.redd.it/770kcizh4cz91.jpg
51453,6,https://i.redd.it/2p7jvog1dcsa1.jpg
51453,7,https://i.redd.it/zuemvf8c3pkb1.jpg
51453,8,https://i.redd.it/8v30gqrmtz3a1.jpg
51453,9,https://i.redd.it/9fgknar1p11b1.jpg
51453,10,https://i.imgur.com/GAljxIQ.jpg
51453,11,https://i.redd.it/if084s0yi3n91.jpg
51453,12,https://i.redd.it/jtrmwerwc7ka1.jpg
51453,13,https://i.redd.it/pqcuwa5x2w671.jpg
51453,14,https://i.redd.it/uuhuat81xyib1.jpg
51453,15,https://i.redd.it/y2o6ozlvrd271.jpg
51453,16,https://i.redd.it/xkoevhj8jgl81.jpg
51453,17,https://i.redd.it/phqnphcikgk41.jpg
51453,18,https://i.redd.it/5eejig8c26qc1.jpeg
51453,19,https://i.redd.it/mghd8jibug971.jpg
51453,20,https://i.redd.it/uquq0i9hskp91.jpg
54171,1,https://i.redd.it/gql5cv7gjhux.jpg
54171,2,https://i.redd.it/kbms0u2ahif11.jpg
54171,3,https://i.redd.it/96u65k0d9imz.jpg
54171,4,https://i.redd.it/h2cwtni87iu51.jpg
54171,5,https://i.redd.it/qymmtdi019a11.jpg
54171,6,https://i.imgur.com/AIASOxP.jpg
54171,7,https://i.redd.it/wu21iboawr731.jpg
54171,8,https://i.redd.it/7rn3ycfpvkb31.jpg
54171,9,https://i.redd.it/1pil087udnz21.jpg
54171,10,https://i.redd.it/e2r7j35pwyy11.jpg
54171,11,https://i.redd.it/l4wokank4fe31.jpg
54171,12,https://i.redd.it/j66nvjydwbm11.jpg
54171,13,https://i.redd.it/98ven625t9m01.jpg
54171,14,https://i.redd.it/sb9erfqpl0831.jpg
54171,15,https://i.imgur.com/PuTQJ.jpg
54171,16,https://i.imgur.com/Is8fE00.jpg
54171,17,https://i.imgur.com/7dPX5Hl.jpg
54171,18,https://i.redd.it/whkbatt7g0g31.jpg
54171,19,https://i.redd.it/ujrkf8izuej21.jpg
54171,20,https://i.redd.it/a4gtfssnfkb11.jpg
54216,1,https://i.imgur.com/ZxVdJXB.jpg
54216,2,https://i.redd.it/set7un7jtfa31.jpg
54216,3,https://i.redd.it/nz50end3leh51.jpg
54216,4,https://i.imgur.com/um8bKhzh.jpg
54216,5,https://i.imgur.com/j8yOOO9.jpg
54216,6,https://i.redd.it/y1sc0f5d3o851.jpg
54216,7,https://i.imgur.com/AxC2A.jpg
54216,8,https://i.imgur.com/eMg6zRZ.jpg
54216,9,https://i.redd.it/x2ppjj2hq6e71.jpg
54216,10,https://i.redd.it/ni1m4m62f6841.jpg
54216,11,https://i.redd.it/g4aij8u31fe01.jpg
54216,12,https://i.redd.it/lym8hrsvawq41.jpg
54216,13,https://i.redd.it/vj5acm9ez0y41.jpg
54216,14,https://michaelhanns.com/blog/wp-content/uploads/2019/06/3-1.jpg
54216,15,https://i.imgur.com/ufDrOh.jpg
54216,16,https://i.redd.it/kgsow48is5471.jpg
54216,17,https://i.redd.it/6t9l03tsjkvd1.jpeg
54216,18,https://i.redd.it/b5e89coywlv01.jpg
54216,19,https://i.redd.it/pm72g7f5kgj01.jpg
54216,20,https://i.redd.it/afemhdvln3qz.jpg
54507,1,https://i.redd.it/7tqumelk8pg91.jpg
54507,2,https://i.redd.it/uda4388ahyb81.jpg
54507,3,https://i.redd.it/s426np04qjq31.jpg
54507,4,https://i.redd.it/rm7ymp93fa9c1.jpeg
54507,5,https://i.redd.it/1ogv444tbmdd1.jpeg
54507,6,https://i.redd.it/faqbkp2yjfc71.jpg
54507,7,https://i.redd.it/s8wg73m5iv1c1.png
54507,8,https://i.redd.it/2zcl6jy5jiq01.jpg
54507,9,https://i.redd.it/hst6x023b1931.jpg
54507,10,https://i.redd.it/e40x3akc9iq01.png
54507,11,https://i.redd.it/gcntopod1zmc1.jpeg
54507,12,https://i.redd.it/mafw6xact3uc1.jpeg
54507,13,https://i.redd.it/1jnhvuwq24l21.jpg
54507,14,https://i.redd.it/hfyrynezzwuz.jpg
54507,15,https://i.imgur.com/M2QJB7F.jpg
54507,16,https://i.redd.it/b6ngy4v3xb051.jpg
54507,17,https://i.imgur.com/WhsFD.jpg
54507,18,https://i.redd.it/bc4ffpm478b11.jpg
54507,19,https://i.redd.it/efblmv9tf37d1.jpeg
54507,20,https://i.redd.it/554rzqqst69x.jpg
60190,1,https://i.redd.it/hogev13d8g2z.jpg
60190,2,https://i.redd.it/jo2l4sx1h9q71.jpg
60190,3,https://i.redd.it/jjd4q012p1p11.jpg
60190,4,https://i.redd.it/phl5rsvsl6ly.jpg
60190,5,https://i.imgur.com/eO87eXv.jpg
60190,6,https://i.redd.it/4qlr04zmw4p51.jpg
60190,7,https://i.redd.it/rxopfx5t5w751.jpg
60190,8,https://i.redd.it/g6l1hzep82jy.jpg
60190,9,https://i.redd.it/ea94w7mbs7f21.jpg
60190,10,https://i.redd.it/hai4f7vk1rl21.jpg
60190,11,https://i.imgur.com/2qvCmEp.jpg
60190,12,https://i.redd.it/t97rgfdslpp01.jpg
60190,13,https://i.redd.it/hwdlmj6r5aj41.jpg
60190,14,https://i.redd.it/q18k20iwwjg21.jpg
60190,15,https://i.redd.it/nrqrugau55vy.jpg
60190,16,https://i.redd.it/3c4jxsge9w401.jpg
60190,17,https://i.redd.it/q7zha89hmbc31.jpg
60190,18,https://i.redd.it/c0o77g90pcs11.jpg
60190,19,https://i.redd.it/295qg7zeb7c41.jpg
60190,20,https://i.redd.it/wahnm54pykc41.jpg
61207,1,https://i.redd.it/kz4ekvllr5l51.jpg
61207,2,https://i.imgur.com/i4Bh5.jpg
61207,3,https://i.imgur.com/1ReY9.jpg
61207,4,https://i.redd.it/uhpi216tguc61.jpg
61207,5,https://i.imgur.com/ZvvEjVY.jpg
61207,6,https://i.redd.it/4j3z2jwi9mj71.jpg
61207,7,https://i.redd.it/svr3jgjh8h661.jpg
61207,8,https://i.redd.it/5twuenuowyib1.jpg
61207,9,https://i.redd.it/du6a7l0l9ti91.jpg
61207,10,https://i.redd.it/6d8hg0ftcxrz.jpg
61207,11,https://i.imgur.com/pzVweae.jpg
61207,12,https://i.redd.it/6d5lfp61t8h61.jpg
61207,13,https://i.redd.it/ycc44a5pte7b1.jpg
61207,14,https://i.redd.it/k4h7u2m2nqea1.jpg
61207,15,https://i.redd.it/9q1ffyybvy8d1.jpeg
61207,16,https://i.imgur.com/ohNnwe8.jpg
61207,17,https://i.redd.it/2fcp3vmfgb141.jpg
61207,18,https://i.imgur.com/6saGEbg.jpg
61207,19,https://i.redd.it/avc8rgqaypca1.jpg
61207,20,https://i.redd.it/pvpj9ptua5h01.jpg
65088,1,https://i.redd.it/atd3t02g73881.jpg
65088,2,https://i.redd.it/c09vmzw4grrc1.png
65088,3,https://i.redd.it/mw30h4e6a0s11.jpg
65088,4,https://i.redd.it/kli62spuz6dc1.jpeg
65088,5,https://i.redd.it/o8c91vlam2j51.jpg
65088,6,https://i.redd.it/l4msp71iaxx41.jpg
65088,7,https://i.redd.it/sa5qk3qrm6jc1.png
65088,8,https://i.redd.it/7jocfgeo43sb1.jpg
65088,9,https://i.redd.it/dr868qp93o041.png
65088,10,https://i.redd.it/f7nq0netnk091.png
65088,11,https://i.ytimg.com/vi/Gl3H23g5kT0/maxresdefault.jpg
65088,12,https://i.imgur.com/JqGM3.jpg
65088,13,https://i.redd.it/ey3a55oey7071.jpg
65088,14,https://i.redd.it/tsnoxd7ddya61.png
65088,15,https://i.redd.it/4rdzog4raxw11.jpg
65088,16,https://i.redd.it/31vfwrpn7hl41.png
65088,17,https://i.redd.it/v5dhjf7ouj931.jpg
65088,18,https://i.redd.it/j3itvv29hp131.png
65088,19,https://i.redd.it/3ynejxkmhaz91.jpg
65088,20,https://i.redd.it/3p2dblxyr5h41.jpg
70863,1,https://i.redd.it/4otawk3whva01.jpg
70863,2,https://i.redd.it/36mdenikvgjb1.jpg
70863,3,https://i.redd.it/gjpamhmgmot91.jpg
70863,4,https://i.redd.it/ew3wuy0g95md1.jpeg
70863,5,https://i.redd.it/svicsagizjtc1.jpeg
70863,6,https://i.redd.it/x3drjxr4nda91.jpg
70863,7,https://i.redd.it/574lmtc6ij9d1.jpeg
70863,8,https://i.redd.it/377u64ovynqc1.jpeg
70863,9,https://i.redd.it/fucv86lgz4ld1.jpeg
70863,10,https://i.redd.it/eule5e9mbyfb1.png
70863,11,https://i.redd.it/1g3kr33dctjz.jpg
70863,12,https://i.redd.it/xpm4qxf3zeg91.png
70863,13,https://i.redd.it/oycn0mwvrtwd1.jpeg
70863,14,https://i.redd.it/neogfjqmngvb1.jpg
70863,15,https://i.redd.it/g7hvgdxwoiw61.jpg
70863,16,https://i.redd.it/5d2qrt1q8o4d1.jpeg
70863,17,https://i.redd.it/6cs6caqts0lc1.jpeg
70863,18,https://i.redd.it/0s04bpauc8hd1.jpeg
70863,19,https://i.redd.it/c8d5v61d11x71.png
70863,20,https://i.redd.it/id8j9qodif751.png
77725,1,https://i.redd.it/k8mqns5xioj91.jpg
77725,2,https://i.imgur.com/mDAh47O.jpg
77725,3,https://i.redd.it/93q0a2e78e651.jpg
77725,4,https://i.redd.it/q1e3bd92tg261.jpg
77725,5,https://i.imgur.com/v8jIkls.jpg
77725,6,https://i.imgur.com/jfBPmPL.png
77725,7,https://i.redd.it/sqy9xlhtbk421.jpg
77725,8,https://i.imgur.com/HtfyiWj.gif
77725,9,https://i.imgur.com/fKN4Z2U.jpg
77725,10,https://i.redd.it/83xwko6oh2pc1.jpeg
77725,11,https://pyxis.nymag.com/v1/imgs/161/956/d74636c4e9a3c6448e6fac6a86a126a6ba-04-workplace-sexual-harassment.1x.rsocial.w1200.jpg
77725,12,https://i.redd.it/fwdayd8c2s4b1.jpg
77725,13,https://i.redd.it/bx33yxg82om41.jpg
77725,14,https://i.redd.it/431arbx56oo71.jpg
77725,15,https://i.ytimg.com/vi/mjnOsBihOUY/maxresdefault.jpg
77725,16,https://i.redd.it/r7efywdnnq8b1.jpg
77725,17,https://i.redd.it/2wgur48pu6ad1.jpeg
77725,18,https://i.redd.it/1h00zfqs7v791.jpg
77725,19,https://i.redd.it/a6hi74vox3j21.jpg
77725,20,https://i.redd.it/j7uyn73xg1kb1.png
77823,1,https://i.ytimg.com/vi/qLH0leZGhk0/maxresdefault.jpg
77823,2,https://i.redd.it/51u9b9vgjel01.jpg
77823,3,https://i.imgur.com/6cstpBQ.jpg
77823,4,https://i.redd.it/2wmozz1pe8731.jpg
77823,5,https://i.imgur.com/nzgfQzI.png
77823,6,https://i.imgur.com/tRiLJ.jpg
77823,7,https://i.imgur.com/Jpb9d.jpg
77823,8,https://i.imgur.com/8ENuzch.jpg
77823,9,https://i.imgur.com/dBeSnls.jpg
77823,10,https://i.imgur.com/2c0IRTd.jpg
77823,11,https://i.imgur.com/9GkM1cg.jpg
77823,12,https://i.redd.it/oa0nwox2evr11.jpg
77823,13,https://i.imgur.com/Sb0aGIz.jpg
77823,14,https://i.redd.it/cv8tq1170rx01.jpg
77823,15,https://i.imgur.com/2UzUAsI.jpg
77823,16,https://i.redd.it/9svzkur1pa041.jpg
77823,17,https://i.imgur.com/INLwh.jpg
77823,18,https://i.imgur.com/CohqJ.jpg
77823,19,https://i.imgur.com/pBxCWcA.jpg
77823,20,https://i.redd.it/2mx6j76zovj11.jpg
96998,1,https://i.redd.it/fyfywuebb6na1.jpg
96998,2,https://i.imgur.com/Ewxnx3X.jpg
96998,3,https://i.ytimg.com/vi/yHnTQ787Jks/maxresdefault.jpg
96998,4,https://i.redd.it/635r2pbjj2qb1.png
96998,5,https://i.redd.it/t68mjlcb3eg91.jpg
96998,6,https://i.redd.it/eoddrk1rntxb1.jpg
96998,7,https://i.ytimg.com/vi/KOUyYPLEyVg/maxresdefault.jpg
96998,8,https://i.redd.it/pdi0pifpm8201.jpg
96998,9,https://i.ytimg.com/vi/HJ5aL7dvF5g/maxresdefault.jpg
96998,10,https://i.imgur.com/bOUzvw6.jpg
96998,11,https://i.imgur.com/DYDgoMv.jpg
96998,12,https://i.redd.it/6fw2yh93pk3a1.jpg
96998,13,https://i.redd.it/5r6i8yq0bh9d1.jpeg
96998,14,https://i.redd.it/glt2xzg3khcx.jpg
96998,15,https://i.ytimg.com/vi/7bsa7BVYVUw/maxresdefault.jpg
96998,16,https://www.elcomercio.com/wp-content/uploads/2021/05/3933377-scaled.jpg
96998,17,https://i.redd.it/t1hcqn2w42v21.jpg
96998,18,https://i.imgur.com/PtBIQJF.jpg
96998,19,https://i.ytimg.com/vi/kV7KjUWqwYo/maxresdefault.jpg
96998,20,https://i.imgur.com/ggMyBuy.jpg
101755,1,https://i.imgur.com/KVi1v.jpg
101755,2,https://i.redd.it/0sxb8kaxmp4b1.jpg
101755,3,https://i.redd.it/398dr0nmw5ud1.jpeg
101755,4,https://i.redd.it/wak0150hp2cc1.jpeg
101755,5,https://i.ytimg.com/vi/z5im7vNnaCM/maxresdefault.jpg
101755,6,https://i.imgur.com/BnvTZfg.jpg?1
101755,7,https://i.ytimg.com/vi/ShhjKs_2FCc/maxresdefault.jpg
101755,8,https://i.ytimg.com/vi/gs9gFmuGCEU/maxresdefault.jpg
101755,9,https://i.imgur.com/3sWaiJm.jpg
101755,10,https://i.ytimg.com/vi/7_X9PDctWh8/maxresdefault.jpg
101755,11,https://i.imgur.com/YiXUOh.jpg
101755,12,https://i.redd.it/qd5e42ilrqd71.jpg
101755,13,https://i.ytimg.com/vi/OvzKngt0DB8/maxresdefault.jpg
101755,14,https://i.redd.it/qadv0mzbc6g41.jpg
101755,15,https://i.redd.it/n0k4ze920j9z.jpg
101755,16,https://i.ytimg.com/vi/m7KPyctfIB8/maxresdefault.jpg
101755,17,https://i.redd.it/12ipnd3me5451.jpg
101755,18,https://i.redd.it/04c7kcfkry401.jpg
101755,19,https://i.redd.it/t1bcsj65xmh71.jpg
101755,20,https://i.redd.it/novzafw1gr7d1.jpeg
106824,1,https://i.redd.it/mkwjfp1qjzwy.jpg
106824,2,https://i.imgur.com/aZXgqbh.jpg
106824,3,https://i.imgur.com/4jKFabL.jpg?1
106824,4,https://i.redd.it/4nnig7xd57c71.jpg
106824,5,https://i.redd.it/ex09u8x3uu311.jpg
106824,6,https://i.imgur.com/vi23AH2.jpg
106824,7,https://i.redd.it/m0uo3s5eke201.jpg
106824,8,https://i.redd.it/j7xz7x7warz11.jpg
106824,9,https://i.redd.it/lvnkg5o4gt911.jpg
106824,10,https://i.imgur.com/HjtSeTJ.jpg
106824,11,https://i.redd.it/a7kyaf7b1ai91.jpg
106824,12,https://i.imgur.com/GNyCdZd.jpg
106824,13,https://i.redd.it/77j4s6ld0ro21.jpg
106824,14,https://i.redd.it/6v9l76c400d91.jpg
106824,15,https://i.imgur.com/qb84n.jpg
106824,16,https://i.redd.it/rzqpzdvla5g11.jpg
106824,17,https://i.redd.it/ofo660cmc8v41.jpg
106824,18,https://i.redd.it/ye656ieavmd31.jpg
106824,19,https://i.redd.it/6s13v6rgllb71.jpg
106824,20,https://i.redd.it/cf4stzbjhgmz.jpg
114283,1,https://i.redd.it/6urlsk1pjkld1.jpeg
114283,2,https://i.ytimg.com/vi/pwtJ3_bNZPQ/maxresdefault.jpg
114283,3,https://64.media.tumblr.com/16f68f6c928e1f50a3e764b04574ec35/tumblr_nszw7zHGv01urj5zto1_1280.gif
114283,4,https://i.redd.it/yprjl9q4efwz.png
114283,5,https://i.imgur.com/aRCze.jpg
114283,6,https://i.redd.it/9wno2gkxv2y61.jpg
114283,7,https://i.imgur.com/2yXQTl7.png
114283,8,https://i.redd.it/v86qzl35k2h51.jpg
114283,9,https://i.redd.it/7ywihgji7pc71.jpg
114283,10,https://64.media.tumblr.com/e30c765ebb1e1895691155cbfa7d206c/tumblr_mpbe1qrqpG1qzcakzo3_250.gif
114283,11,https://i.redd.it/xoeb66rkn5ix.jpg
114283,12,https://i.redd.it/kuzmvvnsqnn91.jpg
114283,13,https://i.imgur.com/EVV3T.jpg
114283,14,https://i.imgur.com/lzpc1x1.jpg
114283,15,https://i.redd.it/snuw8ufzj9o11.gif
114283,16,https://i.imgur.com/KVEL4.jpg
114283,17,https://i.imgur.com/twVpwTY.png
114283,18,https://i.redd.it/4bhkdgcg6vw41.jpg
114283,19,https://i.redd.it/wgfx057eiz5a1.jpg
114283,20,https://i.redd.it/6098izy94jf41.jpg
117155,1,https://i.ytimg.com/vi/T4flpDU-q-o/maxresdefault.jpg
117155,2,https://i.ytimg.com/vi/ARICTgelx0A/maxresdefault.jpg
117155,3,https://i.ytimg.com/vi/aNtuND9Hw98/maxresdefault.jpg
117155,4,https://i.ytimg.com/vi/Ow_HeRvGBrA/maxresdefault.jpg
117155,5,https://i.ytimg.com/vi/si14loZKvKY/maxresdefault.jpg
117155,6,https://i.imgur.com/C37GUSj.jpg
117155,7,https://i.redd.it/4850l0uwpfa71.jpg
117155,8,https://i.redd.it/phkzwyqp5qj11.png
117155,9,https://i.redd.it/wondhri2hss51.png
117155,10,https://i.imgur.com/OAcIvt9.jpg
117155,11,https://i.redd.it/jdfs8fyiag361.jpg
117155,12,https://i.ytimg.com/vi/ue8ZL4toT9o/maxresdefault.jpg
117155,13,https://i.imgur.com/Uo4pXgJ.jpg
117155,14,https://i.imgur.com/wv901xT.gif
117155,15,https://i.imgur.com/1vaufSF.jpg
117155,16,https://i.ytimg.com/vi/URkJQfluj98/maxresdefault.jpg
117155,17,https://i.ytimg.com/vi/LJT9lVqSu0s/maxresdefault.jpg
117155,18,https://i.ytimg.com/vi/JSwHg3y8Grg/maxresdefault.jpg
117155,19,https://i.ytimg.com/vi/IETgCTjKmNY/maxresdefault.jpg
117155,20,https://i.ytimg.com/vi/Mthsceh1HGs/maxresdefault.jpg
120186,1,https://i.redd.it/yf1384sjljj91.png
120186,2,https://i.redd.it/n60w9ovwhpj81.jpg
120186,3,https://i.redd.it/s54q8qm7v7y01.jpg
120186,4,https://i.redd.it/a9bzf4l3at271.jpg
120186,5,https://i.redd.it/rtbi6nuqybwb1.png
120186,6,https://i.redd.it/1qj3u835h9571.jpg
120186,7,https://i.redd.it/7bystshbrs461.jpg
120186,8,https://i.redd.it/fekdbuqe5vt21.png
120186,9,https://i.imgur.com/6QNjdVd.jpg
120186,10,https://i.redd.it/cuxnittu8nm71.jpg
120186,11,https://i.imgur.com/r1Y74Mz.jpg
120186,12,https://i.redd.it/nkz3upxnuei21.jpg
120186,13,https://i.redd.it/jz4mhu1qe0k81.jpg
120186,14,https://i.redd.it/df3eo4zk0y0d1.jpeg
120186,15,https://i.redd.it/avueydku4nv71.jpg
120186,16,https://i.redd.it/tye5wei1kitc1.jpeg
120186,17,https://i.redd.it/puypnsp5u1xa1.jpg
120186,18,https://i.redd.it/7mledxfifnkd1.jpeg
120186,19,https://i.imgur.com/Twt21.jpg
120186,20,https://i.redd.it/kl556aorajz71.jpg
129431,1,https://i.redd.it/vbr98gtqscdx.jpg
129431,2,https://i.redd.it/app34kp67zf81.jpg
129431,3,https://i.redd.it/58mbmgb9xk591.jpg
129431,4,https://i.redd.it/4e8ljkrtmrna1.jpg
129431,5,https://i.redd.it/57fichvkk1a71.jpg
129431,6,https://i.redd.it/e0gr71q93il81.jpg
129431,7,https://i.redd.it/d45ookp0q6h81.jpg
129431,8,https://i.imgur.com/VmK7BX8.jpg
129431,9,https://i.redd.it/5d6m7ggn3kr41.jpg
129431,10,https://i.imgur.com/ZBrj5c3.jpg
129431,11,https://i.imgur.com/a70aQ4uh.jpg
129431,12,https://i.redd.it/cpujvhlyvk1c1.jpg
129431,13,https://i.redd.it/7r2lqe7txsfa1.jpg
129431,14,https://i.redd.it/0yjoue1e5mga1.jpg
129431,15,https://i.redd.it/dfvgnk8n7bfa1.jpg
129431,16,https://photos.smugmug.com/Other/2016/Hellyer-Track-Nights/2016-05-13/i-KdDpS4L/0/O/IMG_0904-2560x1707.jpg
129431,17,https://live.staticflickr.com/65535/52917755276_54f0383218_k_d.jpg
129431,18,https://fasterskier.com/wp-content/blogs.dir/1/files/2014/03/Harvey150314mf128.jpg
129431,19,https://i.imgur.com/65Svkh.jpg
129431,20,https://i.redd.it/mi95jlggrxr81.jpg
137338,1,https://i.redd.it/2vi4tm8920c91.jpg
137338,2,https://mmajunkie.usatoday.com/wp-content/uploads/sites/91/2019/02/damir-hadzovic-marco-polo-reyes-ufc-on-espn-plus-3-7.jpg?w=1000
137338,3,https://mmajunkie.usatoday.com/wp-content/uploads/sites/91/2019/06/joel-alvarez-danilo-belluardo-ufc-on-espn-plus-11-9.jpg?w=1000
137338,4,https://mmajunkie.usatoday.com/wp-content/uploads/sites/91/2020/05/brian-kelleher-hunter-azure-ufc-on-espn-plus-29-25.jpg?w=1000
137338,5,https://i.redd.it/nasq8yicmtsa1.jpg
137338,6,https://cdn.vox-cdn.com/thumbor/nSbf18iQv9RPAsETCCc6vSxfO8U=/0x0:5408x3605/1310x873/cdn.vox-cdn.com/uploads/chorus_image/image/71867406/1456478440.0.jpg
137338,7,https://i.redd.it/p31qkaihl23a1.jpg
137338,8,https://i.redd.it/ip8379rk898a1.jpg
137338,9,https://i.redd.it/616e7dg9rg691.jpg
137338,10,https://i.redd.it/f0mhake5p2u91.jpg
137338,11,https://i.redd.it/lttbdh7hw4xd1.png
137338,12,https://i.redd.it/pvmlmuksyzb91.jpg
137338,13,https://i.redd.it/ju86mwzevzb91.jpg
137338,14,https://cdn.vox-cdn.com/thumbor/_oXerMWIwF39KrAmDgf2KPx1QeM=/48x0:4962x3276/1310x873/cdn.vox-cdn.com/uploads/chorus_image/image/71991526/1467415897.0.jpg
137338,15,https://i.redd.it/pfvei4f57x3b1.jpg
137338,16,https://i.redd.it/oxsbgzav9fz61.jpg
137338,17,https://mmajunkie.usatoday.com/wp-content/uploads/sites/91/2018/11/ricardo-lamas-darren-elkins-ufc-fight-night-140-5.jpg?w=1000
137338,18,https://i.redd.it/532w2sl9kcjd1.png
137338,19,https://i.redd.it/h8rg0jbepr581.jpg
137338,20,https://i.redd.it/tkzlr4gqys831.jpg
140657,1,https://i.redd.it/1mw8qqd1uku31.jpg
140657,2,https://i.imgur.com/Fe4UrW8.jpg
140657,3,https://i.redd.it/9oe0luatdkf41.jpg
140657,4,https://i.redd.it/m1m49jb59o2a1.jpg
140657,5,https://i.redd.it/po3ygt9tt7w71.jpg
140657,6,https://i.redd.it/1k7teo1nplc71.jpg
140657,7,https://i.redd.it/39e2ecocdcl41.jpg
140657,8,https://i.imgur.com/upIkUMV.jpg
140657,9,https://i.imgur.com/HSRinEa.jpg
140657,10,https://i.redd.it/rf3uaeu8rbf51.jpg
140657,11,https://i.redd.it/1k3xw76yrysb1.jpg
140657,12,https://i.redd.it/g4fw6lroemc51.jpg
140657,13,https://i.redd.it/bcd87ptmpg261.jpg
140657,14,https://i.redd.it/houck02hf5g51.jpg
140657,15,https://i.redd.it/ftamhn7t4d611.jpg
140657,16,https://i.redd.it/9vxpjv2a02xd1.jpeg
140657,17,https://i.redd.it/mppqrbcpg4j41.jpg
140657,18,https://i.redd.it/yhmrouv4o2h91.jpg
140657,19,https://i.redd.it/epom0pzryic41.jpg
140657,20,https://i.redd.it/4ziqmscnjgg51.jpg
147693,1,https://i.redd.it/0c35krvhlc331.jpg
147693,2,https://i.imgur.com/3wIZL.jpg
147693,3,https://i.imgur.com/Sn4Jn.jpg
147693,4,https://i.redd.it/2jogwqext36y.jpg
147693,5,https://i.redd.it/lqtqw9u2yw781.jpg
147693,6,https://i.redd.it/l3x8tutnykl81.png
147693,7,https://i.redd.it/xgnufei2wee51.jpg
147693,8,https://i.redd.it/2o50hagp3t791.jpg
147693,9,https://i.redd.it/s819kahuxoy21.jpg
147693,10,https://i.ytimg.com/vi/3L84JeHrye4/maxresdefault.jpg
147693,11,https://quecomico.com/wp-content/uploads/2017/11/borrachos-vs-la-gravedad-700x394.jpg
147693,12,https://i.redd.it/6e605i4qzjx81.jpg
147693,13,https://i.ytimg.com/vi/iLPePxrqsz4/maxresdefault.jpg
147693,14,https://i.imgur.com/GdL5Cf9h.jpg
147693,15,https://i.imgur.com/NZe7Mh.jpg
147693,16,https://i.imgur.com/ExTOctL.jpg
147693,17,https://64.media.tumblr.com/tumblr_mbad78RHaB1qadx22o1_500.jpg
147693,18,https://i.redd.it/yz2b1d100pwy.jpg
147693,19,https://i.redd.it/9n2732z17k371.png
147693,20,https://i.imgur.com/6gEqn.jpg
148513,1,https://i.redd.it/h61ytdpenxkd1.jpeg
148513,2,https://i.redd.it/0za6le76z5pd1.jpeg
148513,3,https://i.redd.it/q2tcl1ukko1e1.jpeg
148513,4,https://i.redd.it/ugx72ovcdjl41.jpg
148513,5,https://i.redd.it/2xzf89let0v71.jpg
148513,6,https://i.redd.it/y25lli0hgh5c1.jpg
148513,7,https://i.redd.it/ujqz9emwfxpa1.jpg
148513,8,https://i.redd.it/td6xbtg3sla81.png
148513,9,https://i.redd.it/crk9tw4lefjc1.jpeg
148513,10,https://i.redd.it/cn2tpsx1p1k81.jpg
148513,11,https://i.redd.it/m8a5fj5nts3e1.jpeg
148513,12,https://i.redd.it/62cm25ddg6nc1.jpeg
148513,13,https://i.redd.it/u7fubewg9b651.jpg
148513,14,https://i.redd.it/gyd7yni6700d1.jpeg
148513,15,https://i.imgur.com/luM5xr0.jpg
148513,16,https://i.redd.it/mvk1zk4xoir81.jpg
148513,17,https://i.redd.it/yn516bmv5bq21.jpg
148513,18,https://i.redd.it/4eb5x3nc46ed1.jpeg
148513,19,https://i.redd.it/juu1ux9b3xkc1.jpeg
148513,20,https://i.redd.it/tasoh80s6nq21.jpg
150345,1,https://i.redd.it/8higc41lxrv51.jpg
150345,2,https://i.redd.it/rqt6yqgxnc251.jpg
150345,3,https://i.imgur.com/QZv8ABx.jpg
150345,4,https://i.imgur.com/Y6XaNsY.jpg
150345,5,https://i.redd.it/p8sk7pf9mi0e1.jpeg
150345,6,https://i.redd.it/d9egeyylg8td1.jpeg
150345,7,https://i.imgur.com/T3L7HeY.jpg
150345,8,https://i.redd.it/af4gfmqk4ty71.jpg
150345,9,https://i.redd.it/ktkzo404hw821.jpg
150345,10,https://i.imgur.com/zS6nGQh.jpg
150345,11,https://i.redd.it/4w2rwprz4f741.jpg
150345,12,https://i.imgur.com/Bn2mQhR.png
150345,13,https://i.redd.it/ox6kyidrwdgx.jpg
150345,14,https://i.redd.it/2e4f20vju1pb1.png
150345,15,https://i.imgur.com/dtxkkrI.jpg
150345,16,https://i.redd.it/1z7qguav90h81.jpg
150345,17,https://i.redd.it/7fwpbctf56l31.jpg
150345,18,https://i.redd.it/qi802gdrzc371.jpg
150345,19,https://i.redd.it/wqyhcoq9akz91.jpg
150345,20,https://i.redd.it/3n5vd05xe3id1.jpeg
162003,1,https://i.imgur.com/dGuTqYh.jpg
162003,2,https://i.redd.it/wpv18x9jhdq71.jpg
162003,3,https://i.redd.it/pel19nj1q3x11.png
162003,4,https://i.redd.it/blj2aqa4xgaz.png
162003,5,https://i.imgur.com/zqFnlCP.jpg
162003,6,https://i.imgur.com/5iwoO2D.png
162003,7,https://i.redd.it/ereqrerq8sj71.jpg
162003,8,https://i.redd.it/vtw03hxseved1.jpeg
162003,9,https://i.redd.it/lsoa6t2iabq01.jpg
162003,10,https://i.redd.it/k16xiw3laal41.jpg
162003,11,https://i.imgur.com/Jllhxc2.jpg
162003,12,https://i.redd.it/19xj1sta2qfd1.jpeg
162003,13,https://i.redd.it/iq0uf68jegh61.jpg
162003,14,https://i.ytimg.com/vi/oGXWw4dWeko/maxresdefault.jpg
162003,15,https://i.redd.it/n2dcf60jyo621.png
162003,16,https://i.imgur.com/Pdbk4.jpg
162003,17,https://i.imgur.com/aZtFjZn.jpg
162003,18,https://i.imgur.com/UqcJoJ7.png
162003,19,https://i.imgur.com/mQmlevG.jpg
162003,20,https://i.redd.it/30iss96q15mz.png
169983,1,https://i.redd.it/xdlyghpcnaf51.jpg
169983,2,https://i.redd.it/x9gisgy430s91.jpg
169983,3,https://i.redd.it/pgjka33037kd1.jpeg
169983,4,https://i.redd.it/i8ixswip82m01.jpg
169983,5,https://i.redd.it/u8fe4cykg7991.jpg
169983,6,https://i.redd.it/fq2vnkxtlgp81.jpg
169983,7,https://i.ytimg.com/vi/22NRAb_KmXo/maxresdefault.jpg
169983,8,https://i.imgur.com/3mKysAo.jpg
169983,9,https://i.redd.it/992unz5ksmh31.jpg
169983,10,https://i.redd.it/mb8gnjglqp361.jpg
169983,11,https://i.imgur.com/Hzb43lW.jpg
169983,12,https://i.redd.it/ssv6a6dblw911.png
169983,13,https://i.imgur.com/b15LHwh.gif
169983,14,https://i.redd.it/p8b6h61dnv141.jpg
169983,15,https://i.redd.it/wndj6yxqm3x31.png
169983,16,https://i.redd.it/suz9hnb4clez.jpg
169983,17,https://i.redd.it/nbktypcf9i861.jpg
169983,18,https://i.imgur.com/Wi7KdfT.jpg
169983,19,https://i.redd.it/210s9h1fnmh31.jpg
169983,20,https://i.redd.it/bwd9yg1m3e3e1.jpeg
175415,1,https://i.redd.it/z78xv8vqdqp41.jpg
175415,2,https://i.redd.it/x1imckcxu6e01.jpg
175415,3,https://i.imgur.com/8tOCT.jpg
175415,4,https://i.imgur.com/O1LVE.jpg
175415,5,https://i.imgur.com/XwKIRRt.jpg
175415,6,https://i.imgur.com/ZqcK5.jpg
175415,7,https://i.imgur.com/sTQFR.jpg
175415,8,https://i.redd.it/brr6gedslgp91.jpg
175415,9,https://i.imgur.com/ycdBT.jpg
175415,10,https://i.imgur.com/NWgo9po.jpg
175415,11,https://i.imgur.com/CNXjv.jpg
175415,12,https://i.imgur.com/mjv3rhe.jpg
175415,13,https://i.redd.it/m7ks7jyw9qi21.jpg
175415,14,https://i.imgur.com/Pb9F5.jpg
175415,15,https://i.imgur.com/dxc7j.jpg
175415,16,https://i.imgur.com/CvxnU9n.jpg
175415,17,https://i.redd.it/qdx6mhm2ijjc1.jpeg
175415,18,https://i.redd.it/dnlabt202eud1.jpeg
175415,19,https://i.imgur.com/P228amZ.jpg
175415,20,https://i.imgur.com/7AjI0.jpg
175482,1,https://i.ytimg.com/vi/ToWj5c4cD94/maxresdefault.jpg
175482,2,https://i.ytimg.com/vi/dO8pnEm5mTs/maxresdefault.jpg
175482,3,https://preview.redd.it/x7us2a43ug9c1.jpg?width=1024&format=pjpg&auto=webp&s=0ddc6270d6e221d80b9b8f9c2a646f220f877190
175482,4,https://i.imgur.com/envxD.jpg
175482,5,https://i.redd.it/yj7vuxq10hwy.jpg
175482,6,https://i.redd.it/4698n7hyd4kz.jpg
175482,7,https://i.redd.it/nqw7gajivzq11.jpg
175482,8,https://i.dailymail.co.uk/i/pix/2012/07/27/article-2180003-02B636C7000005DC-795_468x286.jpg
175482,9,https://i.redd.it/6vdlya98ip361.jpg
175482,10,https://i.redd.it/nde279ufdjxc1.png
175482,11,https://i.redd.it/aolliq01o3141.jpg
175482,12,https://i.redd.it/vjfh0rr91qn51.jpg
175482,13,https://i.imgur.com/MpT0yKa.jpg
175482,14,https://i.redd.it/8jvo59iithbd1.jpeg
175482,15,https://i.redd.it/hi6q0hcq6gtb1.jpg
175482,16,https://i.ytimg.com/vi/7IuT8yquDMg/maxresdefault.jpg
175482,17,https://i.redd.it/di2gvwdrqx0d1.jpeg
175482,18,https://i.redd.it/q397vyzmpvk61.jpg
175482,19,https://i.redd.it/1upns2oiupm51.jpg
175482,20,https://i.redd.it/rvmhuodtdou31.png
178569,1,https://i.redd.it/gk99zyz09b891.jpg
178569,2,https://i.redd.it/xhynf3g9scld1.jpeg
178569,3,https://www.china-underground.com/images/stories/torture-cinesi/012torture.jpg
178569,4,https://i.redd.it/qy094ns321f51.jpg
178569,5,https://i.redd.it/f99s0mw1dma41.jpg
178569,6,https://i.redd.it/vum6yos23daa1.jpg
178569,7,https://i.redd.it/e1avpuovufu71.jpg
178569,8,https://i.redd.it/eyri872ur3t81.jpg
178569,9,https://i.imgur.com/f3u7VcG.jpg
178569,10,https://i.redd.it/62y1oyuxp5151.jpg
178569,11,https://i.redd.it/gowqy0qqk4gd1.jpeg
178569,12,https://i.redd.it/oduals45jph61.png
178569,13,https://i.redd.it/jdcxargbzkpd1.jpeg
178569,14,https://i.imgur.com/s7aLm3z.png
178569,15,https://i.redd.it/6nu25m4045l51.png
178569,16,https://i.redd.it/uy2h8v539tk81.jpg
178569,17,https://i.redd.it/r2e5pbn4odwa1.png
178569,18,https://i.redd.it/nnb4xsik2in51.jpg
178569,19,https://i.redd.it/eqxoydfxmzn31.jpg
178569,20,https://i.redd.it/5upqfjg9fqt71.png
193985,1,https://i.ytimg.com/vi/L7xaLa0rHKo/maxresdefault.jpg
193985,2,https://i.ytimg.com/vi/unHFUkWOcDQ/maxresdefault.jpg
193985,3,https://i.redd.it/odaaz2da1nyc1.jpeg
193985,4,https://i.ytimg.com/vi/lI2lWuoMV3I/maxresdefault.jpg
193985,5,https://i.redd.it/fjcyg07eu6mz.jpg
193985,6,https://i.imgur.com/0tRYAGG.gif
193985,7,https://i.redd.it/mf7zf3qboxl31.jpg
193985,8,https://i.ytimg.com/vi/PHc2fTVjc08/maxresdefault.jpg
193985,9,https://i.redd.it/bdqaoqb15vv41.jpg
193985,10,https://i.ytimg.com/vi/m1eEQjjYeDc/maxresdefault.jpg
193985,11,https://i.redd.it/j5vrbu2n1uj01.gif
193985,12,https://i.ytimg.com/vi/woRwLva7Szw/maxresdefault.jpg
193985,13,https://i.ytimg.com/vi/aNKU9JdZCXI/maxresdefault.jpg
193985,14,https://11k2.wordpress.com/wp-content/uploads/2012/06/anita-sarkeesian.jpg
193985,15,https://i.imgur.com/2kbMVTM.gif
193985,16,https://i.redd.it/w7h37jne8t091.jpg
193985,17,https://i.redd.it/3jpcs7zosmh01.png
193985,18,https://i.redd.it/u9t8fzo6jyf71.gif
193985,19,https://i.redd.it/7uc2wo1fez631.jpg
193985,20,https://i.redd.it/qzg24aab54qc1.png
201786,1,https://i.redd.it/eawhcn0lq1r71.jpg
201786,2,https://i.redd.it/g9lgh0hfn9l71.png
201786,3,https://i.imgur.com/fjTWW2P.jpg
201786,4,https://i.redd.it/8vn4pjvgupxc1.jpeg
201786,5,https://i.redd.it/uyyd8lxvzbvb1.png
201786,6,https://i.imgur.com/DF6dh.jpg
201786,7,https://i.redd.it/q2yulzvvh0ib1.jpg
201786,8,https://i.redd.it/6ado4ws2qya51.png
201786,9,https://i.redd.it/anlkmplbmguc1.jpeg
201786,10,https://i.redd.it/46o7fhvd54z41.jpg
201786,11,https://cdna.artstation.com/p/assets/images/images/010/996/994/large/tian-yuan-daily-life-mi-copy-small.jpg
201786,12,https://i.redd.it/yubohl510um91.jpg
201786,13,https://cdnb.artstation.com/p/assets/images/images/025/877/219/large/beomjin-kim-2.jpg
201786,14,https://i.ytimg.com/vi/4har0a-9x3Q/maxresdefault.jpg
201786,15,https://i.redd.it/bhby9nqybjrd1.jpeg
201786,16,https://cdnb.artstation.com/p/assets/images/images/008/606/885/large/beomjin-kim-02.jpg
201786,17,https://i.redd.it/5impyrf9y0ub1.png
201786,18,https://cdnb.artstation.com/p/assets/images/images/008/845/321/4k/armand-serrano-hero-tadashi-moment-cat.jpg
201786,19,https://i.redd.it/e0jz4ygn2gn81.png
201786,20,https://i.redd.it/21gwpshg8zod1.png
213265,1,https://i.imgur.com/6XskN49h.jpg?1
213265,2,https://i.imgur.com/Co34x04.jpg
213265,3,https://i.imgur.com/Ni9C2Uph.jpg
213265,4,https://i.redd.it/7uv9w0j82he31.jpg
213265,5,https://i.imgur.com/6tQefl4.jpg
213265,6,https://i.redd.it/ccvmhlnc2shc1.jpeg
213265,7,https://i.imgur.com/cxSwjjF.jpg
213265,8,https://i.imgur.com/MNEeO.jpg
213265,9,https://i.imgur.com/Y24e1FZh.jpg
213265,10,https://i.imgur.com/8ZoaRlqh.jpg
213265,11,https://i.redd.it/83keey28apiz.jpg
213265,12,https://i.imgur.com/eNWVRSe.jpg
213265,13,https://i.imgur.com/MauwpQ5.jpg
213265,14,https://i.imgur.com/zBKKzV6.jpg
213265,15,https://i.redd.it/89xk513o81e51.jpg
213265,16,https://i.redd.it/cm7sjyhbc7381.jpg
213265,17,https://i.imgur.com/pTTGAGw.jpg
213265,18,https://i.imgur.com/iSPttyU.png
213265,19,https://i.imgur.com/FqcLQ.jpg
213265,20,https://i.imgur.com/NwtOvc4h.jpg
232726,1,https://i.redd.it/2eigd3fxy5r61.jpg
232726,2,https://i.redd.it/wtch9ipsf7dc1.jpeg
232726,3,https://i.redd.it/zfrceras6spd1.jpeg
232726,4,https://i.redd.it/cdh0i1vdselc1.png
232726,5,https://i.redd.it/p3qc6otqha261.jpg
232726,6,https://i.imgur.com/tAJZZCa.jpg
232726,7,https://i.redd.it/xasz4a99emi71.jpg
232726,8,https://i.redd.it/03wzxtk9rop51.jpg
232726,9,https://i.redd.it/dmcfj6ukxj351.jpg
232726,10,https://i.redd.it/64q1w2txnh371.jpg
232726,11,https://i.redd.it/4u4jkyn5noc81.jpg
232726,12,https://i.redd.it/cg3ad3etfgp91.jpg
232726,13,https://i.redd.it/6l83atpy05p41.jpg
232726,14,https://i.redd.it/mzuolpei3ol11.jpg
232726,15,https://i.redd.it/r3wcs13eqo891.jpg
232726,16,https://i.redd.it/sqx6yy1omzxd1.jpeg
232726,17,https://i.redd.it/1bvewfyfmd6b1.jpg
232726,18,https://i.redd.it/3a0nkv4s9se71.jpg
232726,19,https://i.imgur.com/qD7eV6o.jpg
232726,20,https://i.redd.it/6vhbvi8sksv21.jpg
236058,1,https://i.redd.it/jhm4qyvmemh41.jpg
236058,2,https://i.redd.it/agq4qgvymlh41.jpg
236058,3,https://i.imgur.com/1bZMgEN.jpg
236058,4,https://i.imgur.com/WhO6X.jpg
236058,5,https://i.redd.it/2nms62alg8l81.jpg
236058,6,https://i.reddituploads.com/1c33f72ce02346eb937940eded6fc7df?fit=max&h=1536&amp;w=1536&amp;s=bd56e272fc46567ddfb19bfdce44e197
236058,7,https://i.redd.it/vgqzprgfct201.jpg
236058,8,https://i.redd.it/wnse9fdongdc1.jpeg
236058,9,https://i.redd.it/n1wdfexjmyt11.jpg
236058,10,https://i.imgur.com/QAkLmhO.jpg
236058,11,https://i.redd.it/ik7n688i9tm21.jpg
236058,12,https://i.redd.it/5vmuk63imau51.jpg
236058,13,https://i.imgur.com/ALZJVY1.jpg
236058,14,https://i.imgur.com/fhOkK6l.jpg
236058,15,https://i.redd.it/nxigqjsxwk711.jpg
236058,16,https://i.redd.it/mhig6a05bs201.jpg
236058,17,https://i.imgur.com/JDHuOAV.jpg
236058,18,https://i.redd.it/d0cizyuvadl21.jpg
236058,19,https://i.redd.it/v0ht9hs69ns11.jpg
236058,20,https://i.imgur.com/WIAKPxI.jpg
245506,1,https://i.redd.it/waxs2gy98yda1.jpg
245506,2,https://i.imgur.com/vcB4iAN.jpeg
245506,3,https://i.redd.it/mxb97qiapit71.jpg
245506,4,https://i.redd.it/b2epqqh65yhc1.png
245506,5,https://i.imgur.com/PXp0VzK.png
245506,6,https://i.redd.it/dkxwu871p5601.png
245506,7,https://i.imgur.com/gpXR3J0.jpg
245506,8,https://i.imgur.com/tpR7CvS.jpg
245506,9,https://i.redd.it/swvjpsa361k71.jpg
245506,10,https://i.redd.it/khorvizkfu361.jpg
245506,11,https://i.redd.it/s2xqqkoqp0q41.jpg
245506,12,https://i.imgur.com/HDgfHgY.jpg
245506,13,https://i.redd.it/ktqzmo28hra51.png
245506,14,https://i.redd.it/tqbatcujpmha1.jpg
245506,15,https://i.imgur.com/qVS3tez.jpg
245506,16,https://i.redd.it/bcsq22niud961.jpg
245506,17,https://i.imgur.com/iLo0bDR.jpg
245506,18,https://i.redd.it/uxzs2c9a4d8a1.jpg
245506,19,https://i.imgur.com/PcXVxgW.jpg
245506,20,https://i.redd.it/v792pn4fq9u51.jpg
250425,1,https://i.redd.it/b03rjfwg44kd1.jpeg
250425,2,https://i.redd.it/xlxq09ewt1fa1.jpg
250425,3,https://i.imgur.com/NMUg9l1.jpg
250425,4,https://encrypted-tbn3.gstatic.com/images?q=tbn:ANd9GcS2KwE1sF3JaJ9Zpk_5gpaR0hk-5LRXIQDfBzEQh1HfJx1XQbtp
250425,5,https://i.redd.it/36w7cnyni77c1.jpeg
250425,6,https://i.redd.it/rlp105fufjh91.jpg
250425,7,https://i.redd.it/6ewkqpsl5dh41.jpg
250425,8,https://i.imgur.com/7ew5V.jpg
250425,9,https://i.redd.it/4qotmovsyk3b1.jpg
250425,10,https://i.redd.it/ivesj0zqi1p41.jpg
250425,11,https://i.redd.it/qjhuf6zvcr4b1.png
250425,12,https://i.redd.it/0t63yqfuwf0c1.jpg
250425,13,https://i.redd.it/p4s85xsnj2291.png
250425,14,https://i.redd.it/jybexo3zevp51.jpg
250425,15,https://i.redd.it/ci1snnhrk0a41.jpg
250425,16,https://i.imgur.com/BJgWLE9.jpg
250425,17,https://i.redd.it/eh5anvyi26eb1.jpg
250425,18,https://i.redd.it/dyh8d6ymupq01.jpg
250425,19,https://members.tripod.com/clay_b863/DeMeyBerry/BDeMey0038.jpg
250425,20,https://i.imgur.com/I1TfMBC.jpg
256774,1,https://i.imgur.com/ZpWQw.jpg
256774,2,https://i.redd.it/dcidouenc3z01.jpg
256774,3,https://i.redd.it/3g4cttfxzmx51.jpg
256774,4,https://i.imgur.com/9ahfJx9.jpg
256774,5,https://i.redd.it/g471557xs8a11.jpg
256774,6,https://i.redd.it/eu5pdi8wj2t21.jpg
256774,7,https://i.imgur.com/ljgve.jpg
256774,8,https://i.imgur.com/uxndQjg.jpg
256774,9,https://i.redd.it/yrqklpohut4d1.png
256774,10,https://i.redd.it/v6cgg2w4ell21.jpg
256774,11,https://i.imgur.com/SbbGbDp.jpg
256774,12,https://i.redd.it/l86a3wzlssp01.jpg
256774,13,https://i.redd.it/bppd89ojf8a71.jpg
256774,14,https://i.ytimg.com/vi/7qrfMp_zGjQ/maxresdefault.jpg
256774,15,https://i.imgur.com/0R3zNrN.jpg
256774,16,https://i.imgur.com/SJe3W1y.jpg
256774,17,https://i.imgur.com/vEh2p.jpg
256774,18,https://i.imgur.com/XfiAm.jpg
256774,19,https://i.redd.it/y8k0ympe30h51.jpg
256774,20,https://i.redd.it/twqjejdb1nt11.jpg
258516,1,https://i.redd.it/4pr8mw4gso801.jpg
258516,2,https://i.imgur.com/QveQJA4.jpg
258516,3,https://i.redd.it/sp89swszr2uz.jpg
258516,4,https://i.redd.it/n2l83o8o29x11.jpg
258516,5,https://i.imgur.com/TXiJbJrh.jpg
258516,6,https://i.imgur.com/fmclHib.jpg
258516,7,https://i.redd.it/8g6ji42r2yv21.jpg
258516,8,https://i.imgur.com/YcP2J1S.jpg
258516,9,https://i.imgur.com/Zc2G7wA.jpg
258516,10,https://i.imgur.com/ak5ys8e.jpg
258516,11,https://i.imgur.com/5FEo0M0.jpg
258516,12,https://i.imgur.com/cdsLCZ2.jpg?960
258516,13,https://i.imgur.com/OS4VN85.jpg
258516,14,https://i.redd.it/lfyelukj83j01.jpg
258516,15,https://i.imgur.com/QJxtk5g.jpg
258516,16,https://i.redd.it/5j7ftqvlcgmz.jpg
258516,17,https://i.imgur.com/wNbSd.jpg
258516,18,https://i.imgur.com/rWbUT.jpg
258516,19,https://i.imgur.com/VlKHqwV.jpg
258516,20,https://i.imgur.com/Ox9yY.jpg
258889,1,https://i.redd.it/k7tp9txk77j21.jpg
258889,2,https://i.redd.it/57wwr3v7fu031.png
258889,3,https://i.redd.it/qyl6am6ixr331.jpg
258889,4,https://i.redd.it/rkatc2b87us21.jpg
258889,5,https://i.redd.it/rm796s94o1011.jpg
258889,6,https://i.redd.it/n5ra6p2nrgg31.jpg
258889,7,https://i.redd.it/ox1wmjkoq0e21.png
258889,8,https://i.redd.it/3z9jifr72mc21.jpg
258889,9,https://i.redd.it/graaih1w2vf91.jpg
258889,10,https://i.redd.it/6ss3tlb0d9821.jpg
258889,11,https://i.redd.it/nd38fnsc5oo21.jpg
258889,12,https://i.redd.it/qzw6tnsqgsqz.jpg
258889,13,https://i.imgur.com/N3qm91y.jpg
258889,14,https://i.redd.it/e9ibcmonc5y11.jpg
258889,15,https://i.redd.it/6lkfhuvvxq621.jpg
258889,16,https://i.redd.it/wrp44ctk1c231.jpg
258889,17,https://i.redd.it/zcefaf68r2p21.jpg
258889,18,https://i.redd.it/zhqbmb9u3p9d1.png
258889,19,https://i.redd.it/pkuvts0oa3401.jpg
258889,20,https://i.redd.it/npvmcxxjzrl21.png
